{
  "team_0": [
    [
      249.2886505126953,
      127.87919616699219,
      126.48993682861328
    ],
    [
      244.64312744140625,
      126.18810272216797,
      126.14469146728516
    ],
    [
      246.8072967529297,
      125.73184204101562,
      125.57262420654297
    ],
    [
      229.57904052734375,
      122.54691314697266,
      124.144775390625
    ],
    [
      242.18408203125,
      124.85588073730469,
      126.2838134765625
    ],
    [
      242.42257690429688,
      127.50234985351562,
      126.60093688964844
    ],
    [
      244.6057586669922,
      126.1522445678711,
      126.18109130859375
    ],
    [
      243.57757568359375,
      125.72727966308594,
      125.3048095703125
    ],
    [
      246.1190643310547,
      125.96666717529297,
      125.85713958740234
    ],
    [
      245.35488891601562,
      124.01382446289062,
      125.54147338867188
    ],
    [
      229.8413543701172,
      122.4784927368164,
      124.25537872314453
    ],
    [
      242.1553955078125,
      124.90153503417969,
      126.293212890625
    ]
  ],
  "team_1": [
    [
      141.43582153320312,
      102.36092376708984,
      154.38223266601562
    ],
    [
      136.29920959472656,
      101.09144592285156,
      155.6656951904297
    ],
    [
      135.80630493164062,
      100.63986206054688,
      157.17100524902344
    ],
    [
      140.571044921875,
      100.30461883544922,
      156.34457397460938
    ],
    [
      136.5977325439453,
      99.0526351928711,
      157.2030029296875
    ],
    [
      138.30274963378906,
      100.19319152832031,
      161.46327209472656
    ],
    [
      136.9134521484375,
      102.30550384521484,
      156.8231201171875
    ],
    [
      141.24066162109375,
      102.62181091308594,
      154.0609130859375
    ],
    [
      136.9317169189453,
      100.38075256347656,
      156.0699005126953
    ],
    [
      119.70784759521484,
      103.21322631835938,
      155.59194946289062
    ],
    [
      138.45071411132812,
      100.78911590576172,
      156.35714721679688
    ],
    [
      141.97557067871094,
      102.71707916259766,
      154.2211456298828
    ]
  ]
}