{
  "team_0": [
    75.1021728515625,
    137.03260803222656,
    124.28695678710938
  ],
  "team_1": [
    119.90908813476562,
    175.5353546142578,
    138.51010131835938
  ]
}