{
  "team_0": [
    [
      25.666675567626953,
      119.0,
      140.06666564941406
    ],
    [
      165.88450622558594,
      102.37346649169922,
      165.6461944580078
    ],
    [
      136.7541961669922,
      103.91341400146484,
      163.2541961669922
    ],
    [
      26.621612548828125,
      118.10810852050781,
      139.8648681640625
    ],
    [
      31.69999885559082,
      126.0250015258789,
      133.9499969482422
    ],
    [
      137.94100952148438,
      103.43657684326172,
      163.9705047607422
    ],
    [
      136.0435028076172,
      104.79130554199219,
      161.5956573486328
    ],
    [
      159.65382385253906,
      107.19657897949219,
      158.76495361328125
    ],
    [
      162.36671447753906,
      102.11097717285156,
      164.38479614257812
    ],
    [
      26.11111068725586,
      117.88888549804688,
      140.72222900390625
    ],
    [
      166.49032592773438,
      102.86486053466797,
      165.3050079345703
    ],
    [
      28.172412872314453,
      122.93103790283203,
      136.9310302734375
    ]
  ],
  "team_1": [
    [
      246.63333129882812,
      124.06666564941406,
      132.61666870117188
    ],
    [
      244.6933135986328,
      124.8933334350586,
      133.01333618164062
    ],
    [
      247.34286499023438,
      123.19999694824219,
      130.3142852783203
    ],
    [
      248.63999938964844,
      122.16000366210938,
      134.27999877929688
    ],
    [
      247.28262329101562,
      123.1956558227539,
      136.36956787109375
    ],
    [
      249.6199951171875,
      123.5,
      133.77999877929688
    ],
    [
      248.54931640625,
      126.64788818359375,
      129.92958068847656
    ],
    [
      248.1875,
      126.484375,
      129.359375
    ],
    [
      247.05264282226562,
      122.86842346191406,
      130.84210205078125
    ],
    [
      248.6521759033203,
      122.47826385498047,
      133.86956787109375
    ],
    [
      247.15554809570312,
      123.19999694824219,
      136.22222900390625
    ],
    [
      244.8225860595703,
      124.69355010986328,
      133.0483856201172
    ]
  ]
}